{
  "mainAssemblyName": "BlazorAdmin",
  "resources": {
    "hash": "sha256-fWR7/U9I0a9W2StzNscS1NHtYKZzXy0oegYaxIoCYmU=",
    "jsModuleNative": {
      "dotnet.native.8.0.10.4xsnm8lwn6.js": "sha256-QVxMlY7ohmjgde/bZMA0dlWDAeuUP+tEfkiSdg4DFcE="
    },
    "jsModuleRuntime": {
      "dotnet.runtime.8.0.10.a2v1j2tzpw.js": "sha256-FjrgL9dY6dc2yUoXDWowSfachSgM8O29qUMWDQOJKRI="
    },
    "wasmNative": {
      "dotnet.native.wasm": "sha256-4ymhDbG5daKbi9yL1L574jRRiFFQhiOrDJU5YAYALU4="
    },
    "icu": {
      "icudt_CJK.dat": "sha256-SZLtQnRc0JkwqHab0VUVP7T3uBPSeYzxzDnpxPpUnHk=",
      "icudt_EFIGS.dat": "sha256-8fItetYY8kQ0ww6oxwTLiT3oXlBwHKumbeP2pRF4yTc=",
      "icudt_no_CJK.dat": "sha256-L7sV7NEYP37/Qr2FPCePo5cJqRgTXRwGHuwF5Q+0Nfs="
    },
    "assembly": {
      "BlazorAdmin.wasm": "sha256-ugiZ4rVd+BIvTdgMkXbNOS6b9erlfO3BxtJdkQCA3Z8=",
      "Blazored.LocalStorage.wasm": "sha256-OaMAAd5n7ORfyur5e3QIyEVKJ76MKIvwbg7/icnnYcU=",
      "BlazorInputFile.wasm": "sha256-q5DdOFlg0hCbKWL9GIxT6MRbbMGKX2Lpo0MCPu4M1tQ=",
      "BlazorShared.wasm": "sha256-/bfUghoo96yd+5iYn39yd4nS43mV+mXjP9YG9EjiOGw=",
      "FluentValidation.wasm": "sha256-uFtsEmQJuG+btytiOROfR+12rmf9ZKYg3d+J818SkDY=",
      "Microsoft.AspNetCore.Authorization.wasm": "sha256-Da/R37Ag0zIjWnfRrl/kd09CREv24dqNyDtkdD3qPvQ=",
      "Microsoft.AspNetCore.Components.Authorization.wasm": "sha256-/AIhkOPI3q78H2v+PczBGutmtvhVle+a4vI7Sr4aGUY=",
      "Microsoft.AspNetCore.Components.Forms.wasm": "sha256-V0eUpaaj6UhZdEQK77kUTEa+JAV1nHP5d+kkJMouois=",
      "Microsoft.AspNetCore.Components.wasm": "sha256-/PNPpnX+K2AX/O0Yytxnbqwg2lgp8eusN8BJkdFJsxc=",
      "Microsoft.AspNetCore.Components.Web.wasm": "sha256-UENaWHPMMlt/FpxAisIJiQgsZqjQRrcwQTFNtRza8f4=",
      "Microsoft.AspNetCore.Components.WebAssembly.wasm": "sha256-f0wVJZEudjKtaH/uVIP+lj95LzFf39+AJKZVVBV4N7Y=",
      "Microsoft.AspNetCore.Metadata.wasm": "sha256-CXov07FJOpqUbWmFgUBYd19aF6krZ8uRPoRV8I5oGvU=",
      "Microsoft.Extensions.Configuration.Abstractions.wasm": "sha256-3H3FumrpCYzmNMUVn95KQLuPxBst/c1KaO/AOXEsGDY=",
      "Microsoft.Extensions.Configuration.Binder.wasm": "sha256-IDeHYxVpWTCOpGI1C8kCl64vB9iVy54eA5lqo98/y5g=",
      "Microsoft.Extensions.Configuration.Json.wasm": "sha256-Sxmy2ZS134URxbHEvdbS6NcQ3zXS7UWx/5ZPpwiW7FA=",
      "Microsoft.Extensions.Configuration.wasm": "sha256-sYFqD7oSKncRxVG/aSjHnt1aZ3mypLoLjH7LI7saoRo=",
      "Microsoft.Extensions.DependencyInjection.Abstractions.wasm": "sha256-D23drUPwtxnQzSoWwnM4zEBfcbfJ7P+XuKJeIIjYHyE=",
      "Microsoft.Extensions.DependencyInjection.wasm": "sha256-bwVDO2wwIM0ulX2ROx1G0CpgxTEYgKm/5RwADtwn0kw=",
      "Microsoft.Extensions.Logging.Abstractions.wasm": "sha256-fQ3b3s6DJaVCCRvUy4vkOwuD7WrkvhyApyvmgx8K5dw=",
      "Microsoft.Extensions.Logging.Configuration.wasm": "sha256-yhmX+Mkgduv7h6Eu5TkfVAqwwKVmTDV3cRiqfRahuDk=",
      "Microsoft.Extensions.Logging.wasm": "sha256-Sc3JyT3P1SFHYPi/Q3JMF/RxuUmIzvnjkxzhbijG5Jk=",
      "Microsoft.Extensions.Options.ConfigurationExtensions.wasm": "sha256-NQTXmQJl0eZpxO/w7iFHpfR+icKxV/zoNiiezOAPP1M=",
      "Microsoft.Extensions.Options.wasm": "sha256-gE1BXyLWVUnQwUrxnkNGo22RSc/PIEaAypz1VWboWP4=",
      "Microsoft.Extensions.Primitives.wasm": "sha256-Ms2HR5Gpug/0uRAzdk4SUNT76Ml3CjFv9Jo+dUIMGac=",
      "Microsoft.JSInterop.wasm": "sha256-vouTe4QgkAUd5a1MywWt4+lDckgaO+lkVNrn2DrMlNg=",
      "Microsoft.JSInterop.WebAssembly.wasm": "sha256-sLSiCKh0RQEV/2cl05tr7wOLWzExQfPZovvpqYLJduQ=",
      "netstandard.wasm": "sha256-xtEMthhcmW6jopI0hFPA+QIYapWN+Z84jTNKBtWWOig=",
      "System.Collections.Concurrent.wasm": "sha256-FLgRhL9+yFc+bdaQkJBJiNkgkkCxrA64nsSspf0JS60=",
      "System.Collections.NonGeneric.wasm": "sha256-R6tGraLhH99tBkTCN7pTkL4qGkdF9Z/0YrBnX2zNfWU=",
      "System.Collections.Specialized.wasm": "sha256-OHOT+XPfgXJiDKAgvPygeTMI8i9goBRGdqYqfPPjw0g=",
      "System.Collections.wasm": "sha256-Pfy1GCpj+Kz3HrcJVNDm+kE4HTGoehyxlhiRV7DQVVQ=",
      "System.ComponentModel.Annotations.wasm": "sha256-244Kf9exv5pg/eL49kqOec4BRVGsFAZVl5MXf5gPGUw=",
      "System.ComponentModel.Primitives.wasm": "sha256-7Ie3+rta0551CiZg3nYOWgrd3aneP8wc2Dofpcfw+K0=",
      "System.ComponentModel.TypeConverter.wasm": "sha256-CtEXbG83SXJf/UWTOcLuufmDcqXFnZ9cTy7yI7Mmke0=",
      "System.ComponentModel.wasm": "sha256-3eJ44cqsUeChUn4wt5SuqZ3QUOUKKAxBTb6lOGbk0lE=",
      "System.Console.wasm": "sha256-afYuCa3lJapt5VTwvB1jgH59I41zMVsYITDGUeI96rE=",
      "System.Diagnostics.DiagnosticSource.wasm": "sha256-Z0EQm3/nXMlPfwt6QTGPPxhctploMKeIYSAd13ZNWWM=",
      "System.Linq.Expressions.wasm": "sha256-P64K03UF8nYjsxsMOaLAqJwUQDDaLzKlTnyVuN5HTHY=",
      "System.Linq.wasm": "sha256-PKXLipZdrlQ5ob/Jq02GrIOXHzsXCfW1CPTABtm9w00=",
      "System.Memory.wasm": "sha256-99w3WH+y9WgCvCeQV3l8zs3wQtCg6E+gUsZjw4K7QSM=",
      "System.Net.Http.Json.wasm": "sha256-6xZX/7MMOapTMnOvw+ls9AOnGDGBsGCp6zWpygUpxvY=",
      "System.Net.Http.wasm": "sha256-/SjGZx4kAUMYOF6IdgHhGD8fCWnpxgPBCRoUfWiCZ1A=",
      "System.Net.Primitives.wasm": "sha256-6drddFRuqk4iC658pgQT83Kw62TGXYLyaQUOQwdN4JQ=",
      "System.ObjectModel.wasm": "sha256-h7mSIKEVOuIvBRjdar5/r4VZWfBHIAN1xSLSX5QmT5I=",
      "System.Private.CoreLib.wasm": "sha256-CStVQE1+9RJSHnmbv5pg2ma6e5w6Y4eUMita/2raNPc=",
      "System.Private.Uri.wasm": "sha256-LHRpPA/gp7Uy9EIsDVNiQ4tNdHGy7fi17GTDnLM9O+4=",
      "System.Runtime.InteropServices.JavaScript.wasm": "sha256-mQpcsHjvbjtyIhptu+ufj0/TUTZB5cIgQ6ESFHpDSk4=",
      "System.Runtime.Serialization.Primitives.wasm": "sha256-VTF2c5+K+FTPXdL00wpxGyJGkeMHoVI8RUn6a/mTqig=",
      "System.Runtime.wasm": "sha256-rabwF+NbdhXHipl3TKN38MJ7YlUKPIDOU/r8SKlMEQ0=",
      "System.Security.Claims.wasm": "sha256-hZ0/dikrgsp4X8EeDMrxVzPt75vCiKtQ1Ocbl3WrUaI=",
      "System.Text.Encodings.Web.wasm": "sha256-UkgC79Ct8CiZ4nXy7ResG8MslLgqxUkRe57mHuM5Fik=",
      "System.Text.Json.wasm": "sha256-MYos5ClogAyj9NIewF+K0MvOyMWCb3WC7ok5kx7dujo=",
      "System.Text.RegularExpressions.wasm": "sha256-vvZGJUlttQ8ambh0YFkriPPetSANBaBAqPT4HOTd3VE=",
      "System.Threading.wasm": "sha256-942pSKu/NRclDZZvbRxDycMEL2PUdLwiP0/0qw8+lJY=",
      "System.wasm": "sha256-sH9OCj7JF+EjOteWJIPR1TDeb2POsT3uyJpKHPmvz2A=",
      "System.Web.HttpUtility.wasm": "sha256-PeujTOKvsqzC4R2d5kDJWv+O4E6K5GGJW18hDLZebzg="
    }
  },
  "cacheBootResources": true,
  "debugLevel": 0,
  "linkerEnabled": true,
  "appsettings": [
    "../appsettings.Development.json",
    "../appsettings.Docker.json",
    "../appsettings.json"
  ],
  "globalizationMode": "sharded",
  "extensions": {
    "blazor": {}
  }
}